{
    "p1_match_win_ratio": 0.4903078677309008,
    "p2_match_win_ratio": 0.4709236031927024,
    "p1_game_win_ratio": 0.5,
    "p2_game_win_ratio": 0.5,
    "p1_move_time_mean": 0.11673437428189463,
    "p1_move_time_std": 0.24139041358430888,
    "p1_move_time_max": 4.829493045806885,
    "p1_move_time_min": 0.0,
    "p2_move_time_mean": 2.8962418501113043,
    "p2_move_time_std": 3.208956221442459,
    "p2_move_time_max": 12.827559232711792,
    "p2_move_time_min": 0.0,
    "matches_played": 877,
    "games_played": 50
}