{
    "p1_match_win_ratio": 0.5845511482254697,
    "p2_match_win_ratio": 0.38204592901878914,
    "p1_game_win_ratio": 1.0,
    "p2_game_win_ratio": 0.0,
    "p1_move_time_mean": 0.0040661004120153225,
    "p1_move_time_std": 0.007544071578610047,
    "p1_move_time_max": 0.06625247001647949,
    "p1_move_time_min": 0.0,
    "p2_move_time_mean": 6.328955890196642e-06,
    "p2_move_time_std": 0.0002676893405076965,
    "p2_move_time_max": 0.01517343521118164,
    "p2_move_time_min": 0.0,
    "matches_played": 479,
    "games_played": 30
}