{
    "p1_match_win_ratio": 0.5,
    "p2_match_win_ratio": 0.5,
    "p1_game_win_ratio": 1.0,
    "p2_game_win_ratio": 0.0,
    "p1_move_time_mean": 0.6355470597743988,
    "p1_move_time_std": 0.17956984656701966,
    "p1_move_time_max": 1.6887271404266357,
    "p1_move_time_min": 0.4689297676086426,
    "p2_move_time_mean": 2.512931823730469e-05,
    "p2_move_time_std": 0.00015693254209308416,
    "p2_move_time_max": 0.0010051727294921875,
    "p2_move_time_min": 0.0,
    "matches_played": 4,
    "games_played": 1
}