{
    "p1_match_win_ratio": 0.6666666666666666,
    "p2_match_win_ratio": 0.3333333333333333,
    "p1_game_win_ratio": 1.0,
    "p2_game_win_ratio": 0.0,
    "p1_move_time_mean": 1.1043212413787842,
    "p1_move_time_std": 2.1817854077816237,
    "p1_move_time_max": 16.481732845306396,
    "p1_move_time_min": 0.3600287437438965,
    "p2_move_time_mean": 0.05941499796780673,
    "p2_move_time_std": 0.10551267842408325,
    "p2_move_time_max": 0.570056676864624,
    "p2_move_time_min": 0.0,
    "matches_played": 6,
    "games_played": 1
}