{
    "p1_match_win_ratio": 0.6071428571428571,
    "p2_match_win_ratio": 0.36134453781512604,
    "p1_game_win_ratio": 0.9333333333333333,
    "p2_game_win_ratio": 0.06666666666666667,
    "p1_move_time_mean": 0.7737261692290859,
    "p1_move_time_std": 0.9078939106845691,
    "p1_move_time_max": 6.928514719009399,
    "p1_move_time_min": 0.0,
    "p2_move_time_mean": 9.794448518537494e-06,
    "p2_move_time_std": 0.0003556641219287513,
    "p2_move_time_max": 0.016099214553833008,
    "p2_move_time_min": 0.0,
    "matches_played": 476,
    "games_played": 30
}