{
    "p1_match_win_ratio": 0.6198347107438017,
    "p2_match_win_ratio": 0.34297520661157027,
    "p1_game_win_ratio": 0.9666666666666667,
    "p2_game_win_ratio": 0.03333333333333333,
    "p1_move_time_mean": 2.8195126756625806,
    "p1_move_time_std": 3.228558219888389,
    "p1_move_time_max": 13.81090784072876,
    "p1_move_time_min": 0.0,
    "p2_move_time_mean": 1.5181286139123501e-05,
    "p2_move_time_std": 0.0004352026973396282,
    "p2_move_time_max": 0.016059398651123047,
    "p2_move_time_min": 0.0,
    "matches_played": 484,
    "games_played": 30
}