{
    "p1_match_win_ratio": 0.6205583756345178,
    "p2_match_win_ratio": 0.3489847715736041,
    "p1_game_win_ratio": 0.95,
    "p2_game_win_ratio": 0.05,
    "p1_move_time_mean": 0.779138551442506,
    "p1_move_time_std": 0.919063279025624,
    "p1_move_time_max": 5.914350748062134,
    "p1_move_time_min": 0.0,
    "p2_move_time_mean": 6.518017704467418e-06,
    "p2_move_time_std": 0.00027654506688037727,
    "p2_move_time_max": 0.01576828956604004,
    "p2_move_time_min": 0.0,
    "matches_played": 1576,
    "games_played": 100
}