{
    "p1_match_win_ratio": 0.6208425720620843,
    "p2_match_win_ratio": 0.3458980044345898,
    "p1_game_win_ratio": 1.0,
    "p2_game_win_ratio": 0.0,
    "p1_move_time_mean": 0.7785327328000818,
    "p1_move_time_std": 0.9183642379202113,
    "p1_move_time_max": 6.2884602546691895,
    "p1_move_time_min": 0.0,
    "p2_move_time_mean": 2.2812462146616153e-06,
    "p2_move_time_std": 6.519536455951052e-05,
    "p2_move_time_max": 0.0020055770874023438,
    "p2_move_time_min": 0.0,
    "matches_played": 451,
    "games_played": 30
}