{
    "p1_match_win_ratio": 0.6092184368737475,
    "p2_match_win_ratio": 0.3667334669338677,
    "p1_game_win_ratio": 0.9666666666666667,
    "p2_game_win_ratio": 0.03333333333333333,
    "p1_move_time_mean": 2.200453057824459,
    "p1_move_time_std": 2.451839904486063,
    "p1_move_time_max": 9.65793228149414,
    "p1_move_time_min": 0.0,
    "p2_move_time_mean": 7.733966003516028e-06,
    "p2_move_time_std": 0.00027134961315021197,
    "p2_move_time_max": 0.01604771614074707,
    "p2_move_time_min": 0.0,
    "matches_played": 499,
    "games_played": 30
}